상품이름,세일률,가격,상품링크
인텐스 남성 워커부츠 3.5cm LCMA99I44V,69%,55200,https://www.musinsa.com/products/4477705
바로인 체이스 다이얼 런닝화,0%,119000,https://www.musinsa.com/products/4451559
비건레더 모토 레이싱 자켓,27%,119000,https://www.musinsa.com/products/3836412
고양이자리 기모 후드티셔츠 화이트 멜란지,39%,58600,https://www.musinsa.com/products/4409204
레글런 트랙 니트 집업 [LIGHT GREY],10%,66600,https://www.musinsa.com/products/4346435
CROSSOVER VEGAN LEATHER JACKET [BLUE],50%,129500,https://www.musinsa.com/products/2994675
HOOF CURL LINE REAL WIDE DENIM PANTS BROWN,40%,65400,https://www.musinsa.com/products/3071023
나바호 부클 니트 하프 가디건 크림,40%,58800,https://www.musinsa.com/products/4223277
cig 플래드 투 포켓 워크 반팔셔츠 그린,40%,47400,https://www.musinsa.com/products/4223252
재스턴 스트라이프 셔츠 - 카프리 베이지,35%,58000,https://www.musinsa.com/products/4073326
Cut Out Straight Jeans - BLUE,40%,59400,https://www.musinsa.com/products/2208910
Embroidered Half Sleeve Oxford Shirt (SOFT BLUE),10%,62100,https://www.musinsa.com/products/3187477
빈티지 레이싱 투웨이 래글런 코튼 자켓 점퍼 [브라운],63%,39900,https://www.musinsa.com/products/3857310
와이드 스냅 블레이져_블랙,30%,110600,https://www.musinsa.com/products/3781727
86-IRO161 [비건스웨이드] 히든 포켓 카라 스웨이드 자켓 그레이,40%,79900,https://www.musinsa.com/products/3781146
[무료반품] 라인 패널 데님 점퍼 블루 IEJU3F211B2,45%,98400,https://www.musinsa.com/products/3378133
TCM vintage western Jacket (black),30%,137200,https://www.musinsa.com/products/3779757
클럽 C 85 스웨이드 - 블루 / 100074166,30%,69300,https://www.musinsa.com/products/4010230
[지코 착용] UFC 스트라이커 V2 슈즈 베이지 U4FWV1302BE,0%,129000,https://www.musinsa.com/products/3754277
부클 칼라드 반소매 가디건 [블랙],0%,57900,https://www.musinsa.com/products/3933072
[2팩] 너티 왈라비 - 6컬러,68%,66900,https://www.musinsa.com/products/3919461
로고 택 백 [블랙],20%,47200,https://www.musinsa.com/products/1992262
프리미엄 스웨이드 자켓_Navy,22%,69900,https://www.musinsa.com/products/3783362
로고 택 백 [그레이],20%,47200,https://www.musinsa.com/products/1992253
테리 웨스턴 하프 니트 아이보리,40%,66000,https://www.musinsa.com/products/3842902
테리 웨스턴 하프 니트 모스 카키,10%,99000,https://www.musinsa.com/products/3842905
세일링 스카시 하프 니트 아이보리,10%,97200,https://www.musinsa.com/products/3843002
스몰 포스트백 (베이지),0%,69000,https://www.musinsa.com/products/2512924
투턱 와이드 슬랙스 [아이보리],32%,39900,https://www.musinsa.com/products/1832528
스카시 2-WAY 집업니트 가디건_레프리콘 그린,50%,39500,https://www.musinsa.com/products/3012020
비건 레더 퍼 오버핏 울 무스탕 무톤 자켓 점퍼 [블랙],38%,59900,https://www.musinsa.com/products/2818096
하프 집업 카라 니트 - 8 COLOR,34%,29900,https://www.musinsa.com/products/2723754
85-VIVA001 [비건 스웨이드] 카라 블루종 스웨이드 자켓 카멜,58%,56900,https://www.musinsa.com/products/3574075
MIXED BOUCLE KNIT LONG SLEEVE BLACK,0%,59000,https://www.musinsa.com/products/1554514
BACK LOGO SHIRTS BLACK,40%,77400,https://www.musinsa.com/products/2224227
하찌 엘보 볼륨 풀오버_코발트블루,30%,58800,https://www.musinsa.com/products/3469752
[드로우핏X깡스타일리스트] 밴딩 와이드 슬랙스 [GREY],17%,49800,https://www.musinsa.com/products/2480238
프리모 캔버스 토트백 브라운 블랙,0%,66000,https://www.musinsa.com/products/1042265
Hala Bag - BROWN,20%,103200,https://www.musinsa.com/products/2748624
[쿨탠다드] 릴렉스 핏 크루 넥 반팔 티셔츠 [크림],0%,19900,https://www.musinsa.com/products/1388778
MIXED BOUCLE COLLAR KNIT LONG SLEEVE ORANGE,30%,55300,https://www.musinsa.com/products/2679079
PUNCHING LEATHER SHIRTS,40%,65400,https://www.musinsa.com/products/2224225
BASIC LAYERED LONG SLEEVE BLACK,20%,31200,https://www.musinsa.com/products/1341162
백 아스트랄 그라피티 라운드 넥 15수 면 반팔 티셔츠_화이트,50%,19500,https://www.musinsa.com/products/2592009
원턱 와이드 슬랙스[애쉬베이지],32%,39900,https://www.musinsa.com/products/2124439
세터데이 레트로 무드 그래픽 반팔 티셔츠 빈티지 화이트,10%,71000,https://www.musinsa.com/products/3163735
제주 해수 볼륨 스프레이 210ml,30%,12600,https://www.musinsa.com/products/2637502
[리뉴얼] 그루밍 버블 토닉 150ml,15%,11000,https://www.musinsa.com/products/2637475
더블턱 와이드 슬랙스[블랙],32%,39900,https://www.musinsa.com/products/2578996
투턱 와이드 슬랙스 [블랙],32%,39900,https://www.musinsa.com/products/1832530
빅볼청키 A DT (White),30%,66500,https://www.musinsa.com/products/2734449
울 소프 PBT 라운드 니트 [MELANGE GREEN],10%,59400,https://www.musinsa.com/products/2339343
[니티드X깡스타일리스트] 코튼 미니멀 라운드 니트 GREEN,40%,59800,https://www.musinsa.com/products/2757473
Side-line Wide Pants BLACK,67%,29370,https://www.musinsa.com/products/2836424
클럽 C 85 - 화이트:블랙 / GZ1605,0%,89000,https://www.musinsa.com/products/2897209
내추럴 커버 파운데이션,10%,41400,https://www.musinsa.com/products/2307295
SENSUAL LEATHER SHORT PADDING_3 COLOR,30%,165200,https://www.musinsa.com/products/2864478
오버사이즈 멜톤 콘보이 더플 코트 네이비,20%,111000,https://www.musinsa.com/products/2238412
쉘블록 2-WAY 보아퍼 숏패딩_아이보리,30%,89900,https://www.musinsa.com/products/2156482
헤비보아 플리스 무톤자켓_카키,61%,49900,https://www.musinsa.com/products/2137197
파스텔 푸퍼_SPJPE4TG01,50%,34900,https://www.musinsa.com/products/2037167
웨이딩 파카 크림,25%,119250,https://www.musinsa.com/products/2904560
유틸리티 후드 숏 패딩 점퍼 [LGRAY]_SEJP010LGRAY,40%,89400,https://www.musinsa.com/products/1643829
사피아노 레더 벨트_30mm,15%,22790,https://www.musinsa.com/products/1640887
오버사이즈 유틸리티 코튼 블루종 집업 자켓 [화이트],30%,49900,https://www.musinsa.com/products/2702023
2WAY 스냅 블루종_아이보리,0%,158000,https://www.musinsa.com/products/1833230
LETTERING RIBBON ELASTIC BAND (2COLORS),0%,8900,https://www.musinsa.com/products/582520
에어리 집업 카라 반팔 니트 [BLACK],20%,49600,https://www.musinsa.com/products/2499378
크로셰 셔츠 [블랙],31%,59300,https://www.musinsa.com/products/2476711
빅 대디 오버사이즈 블레이저 [더스티 베이지],40%,53890,https://www.musinsa.com/products/2375910
BUTTER CREAM KNIT HALF SHIRTS,30%,69300,https://www.musinsa.com/products/1842348
CREW NECK KNIT HALF SLEEVE BLUE,40%,53400,https://www.musinsa.com/products/2224281
나일론 윈드 필드 자켓 [BLACK]_COOSJP026BLACK,41%,69850,https://www.musinsa.com/products/1310247
나일론 윈드 필드 자켓 [BEIGE]_COOSJP026BEIGE,41%,69850,https://www.musinsa.com/products/1588193
[SET] 2-WAY 테크 숏 자켓 셋업_그레이,40%,67800,https://www.musinsa.com/products/1571879
